{
  "version": "4.1.4",
  "configs": [
    {
      "server": "127.0.0.1",
      "server_port": 1080,
      "password": "123456",
      "method": "aes-256-cfb",
      "plugin": "",
      "plugin_opts": "",
      "plugin_args": "",
      "remarks": "本地节点不能用",
      "timeout": 5
    }
  ],
  "strategy": null,
  "index": 0,
  "global": false,
  "enabled": true,
  "shareOverLan": false,
  "isDefault": false,
  "localPort": 1080,
  "portableMode": false,
  "pacUrl": null,
  "useOnlinePac": false,
  "secureLocalPac": true,
  "availabilityStatistics": true,
  "autoCheckUpdate": false,
  "checkPreRelease": false,
  "isVerboseLogging": true,
  "logViewer": {
    "topMost": false,
    "wrapText": false,
    "toolbarShown": true,
    "Font": "Consolas, 8pt",
    "BackgroundColor": "Black",
    "TextColor": "White"
  },
  "proxy": {
    "useProxy": false,
    "proxyType": 0,
    "proxyServer": "",
    "proxyPort": 0,
    "proxyTimeout": 3
  },
  "hotkey": {
    "SwitchSystemProxy": "",
    "SwitchSystemProxyMode": "",
    "SwitchAllowLan": "",
    "ShowLogs": "",
    "ServerMoveUp": "",
    "ServerMoveDown": "",
    "RegHotkeysAtStartup": false
  }
}